{
  "total_pdfs": 19,
  "processed_pdfs": 19,
  "total_pages": 372,
  "total_chunks": 372,
  "start_time": 1739526395.4038403,
  "end_time": 1739526585.7873414,
  "processing_time": 190.38350105285645
}